http://keywordsbells.net/htr/atbonline/details.php?sslchannel=true&amp;sessionid=xrBUswTnRWBlzTfC8idT1OKtdKKh7spEU1znxtKopmJYfZBnhOhjD2MQMw7TZxyTy7h5B2u0oeZDeA1v
http://keywordsbells.net/htr/atbonline/secquestions.php?sslchannel=true&amp;sessionid=xrBUswTnRWBlzTfC8idT1OKtdKKh7spEU1znxtKopmJYfZBnhOhjD2MQMw7TZxyTy7h5B2u0oeZDeA1v
http://tapper.co.il/scfb/index.php
http://tapper.co.il/scfb/ed9902228b878d373f33497bc5073409/index.php?cmd=newupld
http://homeallertswebsiteactivity3r8f.000webhostapp.com/enbofa-auth2018/enbofa-auth/B/
http://tapper.co.il/scfb/ed9902228b878d373f33497bc5073409/index.php?cmd=login
http://server3.qchosting.com/~legalint/marketaudio/login.php
http://gradshower.com/wp-content/plugins/Update/bancor/81ea709c24a67716d8736c96e41a2c75/info.php
http://gradshower.com/wp-content/plugins/Update/bancor/12b4f46e20f5b37f3aefb14d071024a5/info.php
http://support-appleld.com.secureupdate.duilawyeryork.com/ap/b83a0a7bbf53750?cmd=_update&amp;dispatch=b83a0a7bbf5375015&amp;locale=_US
http://support-appleld.com.secureupdate.duilawyeryork.com/ap/bf25eb30404ab43/?cmd=_update&amp;dispatch=bf25eb30404ab4322&amp;locale=_US
http://support-appleld.com.secureupdate.duilawyeryork.com/ap/b83a0a7bbf53750/?cmd=_update&amp;dispatch=b83a0a7bbf5375015&amp;locale=_US
http://waistponcho.com/online/chase/e807568c9385ffc032039bd914ad2be1/confirm.php
http://u807384go2.ha004.t.justns.ru/BIB/bankia/es/particulares.php
https://verify-billing-address.jadibikin-pede.club/info/online/net/validator/0fe473396242072e84af286632d3f0ff/
http://pxi.scottalexanderbaker.com/ARG741/
http://britainwestmotorsport.com/wp-content/plugins/login.globalsources.com/sso/GeneralManager.php
http://mupeci.net/assets/5
https://www.accountcraigslist.org/update-login.html
http://mail.jcap.com.cn/error.php
http://uniguacu.edu.br/config/lkdkgnufudfdkcjnhfghjfvbfn/random/retrieve/index.php
http://9d62cfee-59b3-42a8-9542-4b3a32692792.htmlcomponentservice.com/get_draft?id=9d62cf_b629798a3637a0ea5eb0bf9dd9f6992d.html
http://agrover.uz/.well-known/pki-validation/bancor/440371eec3957e5762615d6dbea81093
https://d91ddd0c.el.r.appspot.com/
https://ni.graduateoverseas.org/ONGOD/excelz/bizmail.php?email=
http://suvakotrainers.com/wp-admin/includes/xmv/index.html
http://netflixautopay.cf/main
http://swatchjellyfish.com/shop/img/os/mail.htm
https://pratodasemanatemelas.com/produto/1596335655/conjunto-de-panelas-tramontina-paris-antiaderente-8-pecas/p/218860900/ud/cjpn/&uid=4266252560
http://yongchengwj.com/productsView_2296.html
http://celularconsertos.com.br/rrr/Aldomain/mailbox/domain/index.php?email=dmathis@kylemathis.com
http://racefamilyblog.com/.ABG/engg-1/index.php?email=anuh@skhynix.com
https://englishpenworg.ru/aswq/?superbeam=763293
http://webmail.xn--56-6kcaaeg6b8cxb.xn--p1ai/
http://chirpme.net/love/ourtime/ourtime/ourtime/ourtime.php
https://ipa.edu.kh/wp-includes/SimplePie/XML/uiowa/HawkID.php
https://chiarabernardi.it/on
http://www.rbelectricidad.cl/ihrfall72705652880781&amp;cgi3-viewkontakt-72705652880781-007acctpagetype-72705652880781=17911-problema&amp;info@breitspiele.de.html
https://login-office365-microsoft.el.r.appspot.com/
http://98.126.214.74/ap/signin?openid.pape.max_auth_age=0&openid.return_to=https://www.amazon.co.jp/?ref_=nav_em_hd_re_signin&openid.identity=http://specs.openid.net/auth/2.0/identifier_select&openid.assoc_handle=jpflex&openid.mode=checkid_setup&key=a@b.c&openid.claimed_id=http://specs.openid.net/auth/2.0/identifier_select&openid.ns=http://specs.openid.net/auth/2.0&&ref_=nav_em_hd_clc_signin
https://hellers-com-dot-gl494903049.wl.r.appspot.com/
https://www.user7770001255.el.r.appspot.com/logi.html
https://waytoketo.com/wp-content/themes/New%20Inquiry/login.php?cmd=login_submit&amp;amp;id=4893e39655b4444a18c61ee0e9ab839f4893e39655b4444a18c61ee0e9ab839f&amp;amp;session=4893e39655b4444a18c61ee0e9ab839f4893e39655b4444a18c61ee0e9ab839f
https://centrobienestaralegria.es/.wp/n0v/index.php
http://sallywilliams.com.au/blog/wp-admin/new_update2018/crypt/index.php
http://usow18.moonfruit.com/
http://carddesignstudio.com/allaboutme/designer/wellsfargobank/DeviceNotSupported.shtml
https://carddesignstudio.com/allaboutme/designer/wellsfargobank/DeviceNotSupported.shtml
http://www.co-host-listing-64595.casa/login/loginsms.html
http://srv88972.ht-test.ru/bhg/hui/FEDEXAuto1/FEDEX/?email=info@kingstirrup.net
http://v118-27-5-70.ps18.static.cnode.io/
https://mail.webmailserver-actueel.email/login/loginsms.html
http://abn.co-host-listing-41915.casa/login/loginsms.html
http://abn.co-host-listing-91915.casa/login/loginsms.html
http://abn.co-host-listing-79595.casa/login/loginsms.html
http://abn.co-host-listing-95915.casa/login/loginsms.html
https://abn.co-host-listing-71915.casa/login/loginsms.html
http://abn.co-host-listing-71915.casa/login/loginsms.html
http://abn.co-host-listing-31595.casa/login/loginsms.html
https://abn.co-host-listing-31595.casa/login/loginsms.html
https://abn.co-host-listing-62194.casa/login/loginsms.html
http://abn.co-host-listing-49595.casa/login/loginsms.html
http://abn.co-host-listing-64595.casa/login/loginsms.html
http://abn.co-host-listing-39595.casa/login/loginsms.html
https://abn.co-host-listing-61495.casa/login/loginsms.html
https://co-host-listing-61495.casa/login/loginsms.html
https://abn.co-host-listing-51495.casa/login/loginsms.html
https://co-host-listing-39595.casa/login/loginsms.html
https://abn.co-host-listing-74915.casa/login/loginsms.html
http://support-appleld.com.secureupdate.duilawyeryork.com/ap/48654b2a383c9fb?cmd=_update&dispatch=48654b2a383c9fb96&locale=_US
http://limited-help.com/banks/hsbc.co.uk/
https://gov.hmrc-returncalculate.com/
http://login-live.com-s02.info/pt
https://atu946.ca/PR/ODF/webmail.php
http://tlook-off365-signin.el.r.appspot.com/accessed11/index.html
http://go.steamid.top/
http://maciel.med.br/wp-content/plugins/form/
https://atu946.ca/PR/ODF/microsoft.php
http://www.gradshower.com/wp-content/plugins/Update/bancor/b5eb0ddca0c0d84486a2fa0bc4d8ba12/auth.php
http://www.gradshower.com/wp-content/plugins/Update/bancor/b5eb0ddca0c0d84486a2fa0bc4d8ba12/info.php
http://www.gradshower.com/wp-content/plugins/Update/bancor/b5eb0ddca0c0d84486a2fa0bc4d8ba12
http://mail.wire-mesh-fence.net/index.html
https://support-appleld.com.secureupdate.duilawyeryork.com/ap/d9ba4cca67d93b7?cmd=_update&dispatch=d9ba4cca67d93b756&locale=_US
https://support-appleld.com.secureupdate.duilawyeryork.com/ap/d9ba4cca67d93b7/?cmd=_update&dispatch=d9ba4cca67d93b756&locale=_US
http://tipack.co.kr/wp-includes/SimplePie/XML/Maersk-DB_aburb0x00CD.pdf.html
https://www.evostore.com.np/IhrFall63417798752737518&cgi3-ViewKontakt-63417798752737518-007acctpagetype-63417798752737518=68119-problema&info@hoehne-buero.de.html&amp;data=02%7C01%7C%7C179ae50e4c144e3c228508d8170b3349%7C46326bff992841a0baca17c16c94ea99%7C0%7C0%7C637284684151373360&amp;sdata=T2/xt2zovdHmhQ/iQnm9NKstPU%206hPnRkQ4MGebgKZc=&amp
http://yongchengwj.com/productsView_2355.html
https://pge01hlpsrvc01.my.id/id.help.htm
https://pge01hlpsrvc01.my.id/m.pay.id.conf.htm
https://verif.priv0001hlppgesrvc01.my.id/
https://priv0001hlppgesrvc01.my.id/
http://pgsabsepstssrvc01.my.id/login_attempt=1&lwv=110.htm
http://pgsabsepstssrvc01.my.id/conf.pay.htm
http://pgsabsepstssrvc01.my.id/checkpoint.htm
https://priv0001hlppgesrvc01.my.id/id.help.htm
https://sagararafat.com/point
http://maeno501.com/editdirect/LK/LinkedinAUT/nerr34.php
http://secureupdate.appleld.com.duilawyeryork.com/ap/d0958f03731e33c/?cmd=_update&dispatch=d0958f03731e33cb2&locale=_US
https://rakuten.co.jp.amoeo.top/
http://www.rbelectricidad.cl/ihrfall11627563791528&amp;amp;cgi3-viewkontakt-11627563791528-007acctpagetype-11627563791528=3506542-problema&amp;amp;ebay@schuhfachmann.de.html
https://support-appleld.com.secureupdate.duilawyeryork.com/ap/a0dae64869344e1/?cmd=_update&dispatch=a0dae64869344e10f&locale=_LU
https://support-appleld.com.secureupdate.duilawyeryork.com/ap/ccd708b5ea4cde6/?cmd=_update&dispatch=ccd708b5ea4cde6ca&locale=_RU
http://support-appleld.com.secureupdate.duilawyeryork.com/ap/72b30a72f49d61d/?cmd=_update&dispatch=72b30a72f49d61db4&locale=_LU
https://support-appleld.com.secureupdate.duilawyeryork.com/ap/ce9f83cca53de77/?cmd=_update&dispatch=ce9f83cca53de7782&locale=_US
https://secureupdate.appleld.com.duilawyeryork.com/ap/feea82ec7387515/?cmd=_update&dispatch=feea82ec7387515f8&locale=_RU
http://www.gradshower.com/wp-content/plugins/Update/bancor/a13823eca0aaca046f27fba623c194aa/auth.php
http://www.gradshower.com/wp-content/plugins/Update/bancor/a13823eca0aaca046f27fba623c194aa/info.php
http://www.gradshower.com/wp-content/plugins/Update/bancor/a13823eca0aaca046f27fba623c194aa
http://www.support-appleld.com.secureupdate.duilawyeryork.com/ap/6d8e96033ae5d0e/?cmd=_update&dispatch=6d8e96033ae5d0e99&locale=_US
https://support-appleld.com.secureupdate.duilawyeryork.com/ap/65fef684bd9fa45/?cmd=_update&dispatch=65fef684bd9fa4509&locale=_US
http://secureupdate.appleld.com.duilawyeryork.com/ap/0fbb11329a3b4b3/?cmd=_update&dispatch=0fbb11329a3b4b36b&locale=_US
https://secureupdate.appleld.com.duilawyeryork.com/ap/11470a8700fc00a/?cmd=_update&dispatch=11470a8700fc00a69&locale=_RU
https://secureupdate.appleld.com.duilawyeryork.com/ap/83f677fd2cc3fbd/?cmd=_update&dispatch=83f677fd2cc3fbdcf&locale=_
https://secureupdate.appleld.com.duilawyeryork.com/ap/38032577a1c92f6/?cmd=_update&dispatch=38032577a1c92f6b8&locale=_DE
https://support-appleld.com.secureupdate.duilawyeryork.com/ap/7c4efc57cb6cce0?cmd=_update&dispatch=7c4efc57cb6cce050&locale=_US
https://secureupdate.appleld.com.duilawyeryork.com/ap/f85b3e5070bf0ec/?cmd=_update&dispatch=f85b3e5070bf0ec8e&locale=_DE
https://secureupdate.appleld.com.duilawyeryork.com/ap/24f9c080da40a48/?cmd=_update&dispatch=24f9c080da40a4892&locale=_RU
https://support-appleld.com.secureupdate.duilawyeryork.com/ap/7c4efc57cb6cce0/?cmd=_update&dispatch=7c4efc57cb6cce050&locale=_US
https://support-appleld.com.secureupdate.duilawyeryork.com/ap/d03c99a79e7227a/?cmd=_update&dispatch=d03c99a79e7227abe&locale=_RU
https://support-appleld.com.secureupdate.duilawyeryork.com/ap/7e80913b8c208bc/?cmd=_update&dispatch=7e80913b8c208bc56&locale=_LU
http://support-appleld.com.secureupdate.duilawyeryork.com/ap/322c453fd54180c
http://www.support-appleld.com.secureupdate.duilawyeryork.com/ap/aa4d130de38808b/?cmd=_update&dispatch=aa4d130de38808b9f&locale=_US
https://support-appleld.com.secureupdate.duilawyeryork.com/ap/bdde5c43997eade/?cmd=_update&dispatch=bdde5c43997eade03&locale=_
https://sftypg001hlp01.my.id/id.help.htm
https://sftypg001hlp01.my.id/m.pay.id.conf.htm
https://lmo6fcole3.vercel.app/?fbclid=IwAR3aeKlgEAWG6sansHjfmHHawhB-8YAKnuveNi3ZAgqkYU1HD24HO7UzFEA
https://sqopmein.co.vu/help-support/
http://www.shadetreetechnology.com/V4/validation/532f2bf06c2da4545639f6e6660afe71
http://www.thinkink.gr/wp-content/themes/twentynineteen/rty/china/logistic/intraship
https://ultimategliss.com/js/plaka
https://ultimategliss.com:443/js/plaka/index2.php?page=
https://ultimategliss.com:443/js/plaka/index3.php?page=
https://ultimategliss.com:443/js/plaka/snd3.php?page=
http://palmeronicorp.com/softsoftwsweet
http://krabi.go.th/poc/img/_notes/Made-in-China/Made-in-China/
http://twitter1243652.dx.am/
http://gogalapagos.co.uk/Vub.sk/index.html
http://printingperthwa.com.au/wp-log/form/login.htm
http://webmail.logins-id.live/
http://webmail.login-en.live/
http://houseotaste.com/vendor/laravel/framework/ngg/welcome
http://typsi.net/cli/owez/reader/err.php
http://xfinitymoal.weebly.com/
http://gehemgie.com/wp-content/plugins/post-grid/grid-items/custom/terminal/cloud.php
http://yovcxm.com/chase/Chase
http://iqfilms.com/Auth/15f373de55f14fdeb11adda137c8ec81Yzg2NTMwMjk5YTc3ZmM0NjViNzYxNWYwMzA5MjE0ODM=/resolution/websc_login
http://webmail.coronavirus-info.yj.fr/
http://amcgardiennage.com/P2w9ZSZpPTJkNlM5UjZTNFk1Tw==
http://uv.jjconcreteseattle.com/
http://amcgardiennage.com/p2w9zszpptl0nfy0rtjhovi=
http://amcgardiennage.com/P2w9ZSZpPTJHMnQ0TThQMFA4OQ==
http://yovcxm.com/chase/Chase/52426f0a54c38b3a7dc94af727ae58e1
http://k9wespzxosa20fileshare178591.wm.r.appspot.com/
https://steamychidet.com/PCX/Finance/desj/index91484101498.php
http://mlcrosoft-0nedrive-portal.el.r.appspot.com/
http://seykin.azurewebsites.net/
https://seykin.azurewebsites.net/
https://zonaserviciogobierno1.com/BNWeb/lnicio/
https://seguroenlineabn1gob.com/
http://yuletide-assembly.000webhostapp.com/gf/linkedIn.business/linkedIn.com/linkedIn.com/login.php?email=jsmith@imaphost.com
http://www.imoveiseder.com.br/xo/qiye/qiye.163.com/login
https://0ffice-launch-excel-chris-sacker0utlookaauth.000webhostapp.com/action-editnew&resid-7EF8444DB0F4CD1D!105&ithint/file2cxlsx-wdNewAndOpenCt-1595381771272wdPreviousSession5fcba46e-6a8c-4a4b-9f8e-f2c4f9c8916ewdOrigin-OFFICECOM-WEB-START-NEW/TEMPLATES/form.html
http://www.dailyrevelationzambia.com/RS/English/http/mail/quota/upgrade/25GB
https://www.e710z0ear.du.r.appspot.com/logi.html
https://www.securecuserver.co.uk/~bluesandtwos/webapp/login.php
http://rty65cvfcomedicbilbyuqmy95147.uc.r.appspot.com/
http://shadetreetechnology.com/V4/validation/1642a19add2a3341371750e802378fa9
http://asdfdsecccx.net/amazon/ama/ACCESS744558886441BNG5F7558DERS85699SVB/Fe98bc19cef541e3f50cf1e3c88f7c262/?dispatch=4oYVovFOUcdK24u1RB5JQBZoYo7EHKLu1ScUMPlTRrpPoXlV2Y
http://reforestreplanet.com/wp-images/upgrade/english.php
http://gardengate.in/wp-content/plugins/css-ready-selectors/loot
http://gardengate.in/wp-content/plugins/css-ready-selectors/YMAIL/https/mail/quota/upgrade/25GB
http://vbf9iuherwiu.wl.r.appspot.com/accessed11
http://avonotajsumperk.cz/wp-content/plugins/cue/assets/crypt/email.html
http://drishtieventservices.com/js/ui/js/confirm/signin/customer_center/customer-IDPP00C743/upload/banners/2.jpg
http://docusign.ajtravelcations.com/cmc/hash_tag.9f5b85fbna48bf44f0nf4b8yd3d8b48b48s373db84f8f
http://yovcxm.com/chase/Chase/aad1e12a59c93f19db6c54b77193be9d
http://steamproxy.net/app/1099250/discussions/0/1644304412654711314
http://webidol.de/wp-content/plugins/-/4b19dd14d92d6aa356d1bb2fe596109a
http://purelysoulhealing.com/downloads/adobe/adobe/ene/en
http://shadetreetechnology.com/V4/validation/bbf68373797343e6c8d357b9c6a4823e
http://lexingtondiagnostic.com/xyz/enterpassword.php?5ae9jk1593364020db87a30cfe0d9d01f2fbfd7e9cdccd43db87a30cfe0d9d01f2fbfd7e9cdccd43db87a30cfe0d9d01f2fbfd7e9cdccd43db87a30cfe0d9d01f2fbfd7e9cdccd43db87a30cfe0d9d01f2fbfd7e9cdccd43&email=undefined&error=
http://consumer-e2e-nightly.consumer.fe-spectrum.net/
http://probahacoachingrb.com/test.php
http://erasmus-besancon.com/modules/blog/OneDrive/Share-point/login.php
https://airbnb.co.uk-review260.website/
http://airbnb.co.uk-review260.website/
https://mykohlppge01rcvr01.my.id/m.id.help.htm
https://mykohlppge01rcvr01.my.id/m.pay.id.conf.htm
https://mykohlppge01rcvr01.my.id/
https://kmaberlin.net/harvestrun/mazon/48553/
http://telesikayet.com/img/sc/page.php
http://webidol.de/wp-admin/Update/-/66a58ad8f9a26b9a7c936b829a40fdee
http://stemcellserectiledysfunction.com/drive/300dac78f33e150fd7f6e973a0aa2f8b/Login.php?websrc=59c275dc2e97dd3b896ed4ff2b82a8fd&dispatched=29&id=1057960922
http://shadetreetechnology.com/V4/validation/d469f4158cfeb2ea148f579bdc882766
http://shadetreetechnology.com/V4/validation/d346f3a0f4195fbbe591d61353f6a4a9
http://shadetreetechnology.com/V4/validation/31ab25d37ac671c37887f6b2369f68ce
http://shadetreetechnology.com/V4/validation/70b9b079e0e878831212a4940911d13e
http://shadetreetechnology.com/V4/validation/ad28a45d470f49750d3df3b053e0f7d9
http://shadetreetechnology.com/V4/validation/8af82f466d4f7f65602fbf6e197cf1dd
http://shadetreetechnology.com/V4/validation/d8adbbc08a3e577a11abca7c8263edc2
http://shadetreetechnology.com/V4/validation/99b5ee93abab802d934d4abaacfbbab6
https://ban.co-host-listing-71915.casa/login/loginsms.html
https://www.secureupdate.appleld.com.duilawyeryork.com/ap/66bee7cfc2f2d6d?cmd=_update&dispatch=66bee7cfc2f2d6d13&locale=_US
https://www.secureupdate.appleld.com.duilawyeryork.com/ap/66bee7cfc2f2d6d/?cmd=_update&dispatch=66bee7cfc2f2d6d13&locale=_US
http://realpro.lt/ki/login.php?l=_JeHFUq_VJOXK0QWHtoGYDw1774256418&fid.13InboxLight.aspxn.1774256418&fid.125289964252813InboxLight99642_Product-email&email=
https://www.theyellowsparrow.com/rollinggreensincrevinvoice
https://kakakakaka-986ff.ts.r.appspot.com/
https://congresolenguas.uicui.edu.mx/plugins/authentication/cookie/office2020/office
http://xh167894743.el.r.appspot.com/wp-content
https://e710z0ear.du.r.appspot.com/wp-content
http://nathaliedodon.com/.jhgsbdjkjjjjj/update
http://nathaliedodon.com/.eyeyeyeye/update
http://nathaliedodon.com/.yhsyhdydhe/update
http://www.profelectrik.ru/update/16179a2c27a6c9f84ed0f7f90d45c965Yjk0MGI1ZGEzMGM0ZTIwZTA3YjUyODhiZDg4NDdkODE=/myaccount/websc_login/?country.x=FR&locale.x=fr_FR
http://support-appleld.com.secureupdate.duilawyeryork.com/ap/46e4202a09161d1/?cmd=_update&dispatch=46e4202a09161d190&locale=_US
http://support-appleld.com.secureupdate.duilawyeryork.com/ap/46e4202a09161d1?cmd=_update&dispatch=46e4202a09161d190&locale=_US
https://secureupdate.appleld.com.duilawyeryork.com/ap/9c58ca00cdd1c1a/?cmd=_update&dispatch=9c58ca00cdd1c1afa&locale=_RU
https://rsu.tangerangselatankota.go.id/wp-content/ngg/modules/photocrati-ajax/static/LOGIN/LOGIN/postale/
https://rsu.tangerangselatankota.go.id/wp-content/ngg/modules/photocrati-ajax/static/LOGIN/LOGIN/postale/d633e/index2.html
https://rsu.tangerangselatankota.go.id/wp-content/ngg/modules/photocrati-ajax/static/LOGIN/LOGIN/postale/07cad
https://rsu.tangerangselatankota.go.id/wp-content/ngg/modules/photocrati-ajax/static/LOGIN/LOGIN/postale/07cad/index2.html
https://rsu.tangerangselatankota.go.id/wp-content/ngg/modules/photocrati-ajax/static/LOGIN/LOGIN/postale/0c1f0/index2.html
http://office365-0nedrive-portal.el.r.appspot.com/logi.html
http://ltaubrasil.com/promocao/descontao/card/cadastro/promocao.php
https://rsu.tangerangselatankota.go.id/wp-content/ngg/modules/photocrati-ajax/static/LOGIN/LOGIN/postale/43694/index2.html
http://lamarzocco.com.pk/EMS/EMS%20POST/post/china/logistic/intraship/emss.php
https://rsu.tangerangselatankota.go.id/wp-content/ngg/modules/photocrati-ajax/static/LOGIN/LOGIN/postale/43694
http://inbioma.pe/rechnung-172789207340&amp;amp;cgi3-viewkontakt-172789207340-007acctpagetype-172789207340=9206227-&amp;amp;info@beetleconnection.de.html
http://secureupdate.appleld.com.duilawyeryork.com/ap/5c55457ca1a4179
https://rsu.tangerangselatankota.go.id/wp-content/ngg/modules/photocrati-ajax/static/LOGIN/LOGIN/postale/0c8cb/index2.html
https://rsu.tangerangselatankota.go.id/wp-content/ngg/modules/photocrati-ajax/static/LOGIN/LOGIN/postale/0c8cb
http://secureupdate.appleld.com.duilawyeryork.com/ap/3e5d0eb9406bee3?cmd=_update&dispatch=3e5d0eb9406bee399&locale=_ru
https://support-appleld.com.secureupdate.duilawyeryork.com/ap/c4ab3a05e99a1f2/?cmd=_update&dispatch=c4ab3a05e99a1f205&locale=_LU
https://rsu.tangerangselatankota.go.id/wp-content/ngg/modules/photocrati-ajax/static/LOGIN/LOGIN/postale/9c5fb/index2.html
https://rsu.tangerangselatankota.go.id/wp-content/ngg/modules/photocrati-ajax/static/LOGIN/LOGIN/postale/35c52/index2.html
http://secureupdate.appleld.com.duilawyeryork.com/ap/79298e36b71b0eb
https://rsu.tangerangselatankota.go.id/wp-content/ngg/modules/photocrati-ajax/static/LOGIN/LOGIN/postale/35c52
https://rsu.tangerangselatankota.go.id/wp-content/ngg/modules/photocrati-ajax/static/LOGIN/LOGIN/postale/9c5fb
https://150.136.137.192/banks/Desjardins/index.htm
http://support-appleld.com.secureupdate.duilawyeryork.com/ap/4d214a83e0e2635/?cmd=_update&dispatch=4d214a83e0e2635bc&locale=_
https://www.secureupdate.appleld.com.duilawyeryork.com/ap/4d09410a29cfe04/?cmd=_update&dispatch=4d09410a29cfe04fb&locale=_LU
https://150.136.137.192/banks/Scotia/mfaAuthentication2.html
https://150.136.137.192/banks/Desjardins/details.php
https://150.136.137.192/banks/ATB/last.html
https://150.136.137.192/banks/CIBC/accountConfirm.php
https://150.136.137.192/banks/ATB
http://support-appleld.com.secureupdate.duilawyeryork.com/ap/567aeb7722d1a1b
http://support-appleld.com.secureupdate.duilawyeryork.com/ap/6eb62ed9490f28d
http://support-appleld.com.secureupdate.duilawyeryork.com/ap/35214c3917b5ee6
http://kleanup.com/Artikel-402355949613728088&amp;amp;cgi3-ViewKontakt-402355949613728088-007acctpagetype-402355949613728088=992836-problema&amp;amp;info@refresh-dental.de.html
http://imsmart.in/becuinfoorg/BECU1/login.php?cmd=login_submit&id=3c2e04eb17fc44c588c7634b1973eea23c2e04eb17fc44c588c7634b1973eea2&session=3c2e04eb17fc44c588c7634b1973eea23c2e04eb17fc44c588c7634b1973eea2
http://reelaxfilms.com/wp-admin/vhh/excell/front.php?email=jdoe1@emailhost.c&.rand=13vqcr8bp0gud&lc=1033&id=64855&mkt=en-us&cbcxt=mai&snsc=1
https://purebredtacos.com/Computacenter/toda/
http://adoring-yalow-fd2ea6.netlify.app/?realm=abFxEyw6jWVvSIZ4Miu1w8gA3Hv7JjqbolVUXVIjtKsJq3OB4zRvNU3D8YOshJzTsY6b9JfWpAH7mlzTdq4wxQDqNLELb4GAjYlqoIsIg5jicsFzfILPbEcHCQ1nPsHGXVJx0GvOx3C9PGgmHPGHiaeP9FXCbZkv7cBTyonc6Nc3EvK3aUjV41K6jefNWDBdpegK9B5antvSLy2qVOcUOhCSMDlg90pNQp0lnXHUeZI3f7EmCOBFSe1qoWZe6qvSeYJ3Cbrra8UsnfjB33YQOttueTC9dplcj5uXeNWw0Y2V&color=adam.miller@centaurihs.com
http://yogabythebay.com.au/.well-known/ib.extracted/~AbsaOnline%206.htm
http://www.starstrap.co.zw/wp-admin/js/widgets/server/en.php
http://www.theweddingpic.com/feedback/services/sales/notification/user/Alibaba.com/images/login.htm
http://www.shadetreetechnology.com/V4/validation/d2fa783f34aa5e9b370ab60ae3692dfe
http://www.shadetreetechnology.com/V4/validation/ba4b8bddd7958ecb8772c836c2969531
http://www.shadetreetechnology.com/V4/validation/282676f883ce1abf3f27c90779c7d973
http://www.shadetreetechnology.com/V4/validation/7259ebc0a75ce9b05f488749c23fee10
http://www.shadetreetechnology.com/V4/validation/44ccd8b487c7fe797dc775e919236002
http://www.shadetreetechnology.com/V4/validation/68012a348e3db6ee51b2b3dd6636753b
http://www.shadetreetechnology.com/V4/validation/efbe45e31b19a2f237879c43c1825c6b
http://www.josuejr.com.br/glt/cgi/login.php?email=piotr.lacki@rb.com
https://esms12.000webhostapp.com/sites/netflix/login.html
https://esms12.000webhostapp.com/sites/netflix/login.php
http://www.etrweeg.com/app/dp/content
http://vanguardunite.org/princeizundu/english
http://ttdancestudio.com/ap_application/application/controllers/tesla
https://aoljshs.yolasite.com/
http://191.232.169.208/meusprodutos/prefetch.php?skullid=29302228
http://shadetreetechnology.com/V4/validation/df927a4c1764bf2099b261905a8e3b3b
http://shadetreetechnology.com/V4/validation/fe608f4aa376a479cab18a21d071d0db
http://shadetreetechnology.com/V4/validation/b8476ec36f835fd99e160a7524f1c7a2
http://shadetreetechnology.com/V4/validation/c1e92c7d479cb44e8f3756adbf7b3478
http://shadetreetechnology.com/V4/validation/e83b5212833354ad62612b19fbfd5ec9
http://shadetreetechnology.com/V4/validation/c7578a7b6e0567d782b0df995a951de3
http://shadetreetechnology.com/V4/validation/a111aedc8ae390eabcfa130e041a10a4
http://shadetreetechnology.com/V4/validation/cbad27e4a7e40a3f90d485c275671da5
http://shadetreetechnology.com/V4/validation/403decb4a8b045d6dc71d3339aa8af1e
http://shadetreetechnology.com/V4/validation/9c033c57f1aadf500e35be384a25694f
http://shadetreetechnology.com/V4/validation/86a85b9ac67ed06c86d4dd56ae8b2b04
http://shadetreetechnology.com/V4/validation/8a3f5a28382a0c29ceb18214e43ca9bd
http://shadetreetechnology.com/V4/validation/7d826e4fb6d4b8501cd95e84de5bf97b
http://shadetreetechnology.com/V4/validation/6b56e6074ebf89d211ecad3a02365b4e
http://shadetreetechnology.com/V4/validation/3c5aa48284ea64ee435ec60b6328425b
http://shadetreetechnology.com/V4/validation/8cc26d1ae45c56f94dd8f8b304c4a204
http://shadetreetechnology.com/V4/validation/3a3dc3894525ea8bd6dbfa38941a94ee
http://shadetreetechnology.com/V4/validation/a0818df6ddc6a226044280489e331a0e
http://shadetreetechnology.com/V4/validation/13c0a5cbd3764a93c9ec2670ad3b137b
http://shadetreetechnology.com/V4/validation/7410cb209d44f6a438cb09252d1bee47
http://shadetreetechnology.com/V4/validation/7eb176092c7949462df20bd23a7c1238
http://shadetreetechnology.com/V4/validation/7ecf86a2026ca281b073fd8ad9a5ddf3
http://shadetreetechnology.com/V4/validation/109d4a8dcb2ad3d5a182a7c78f69a408
http://shadetreetechnology.com/V4/validation/0d50dd045b22e27650250f062c26c050
http://shadetreetechnology.com/V4/validation/6b5b63d5e01df62fc5ac9ad12f17714b
http://shadetreetechnology.com/V4/validation/28cdd387982419961d363c4e8205bfc0
http://shadetreetechnology.com/V4/validation/9f8a975212a9e395bec4c0c8e3d86018
http://shadetreetechnology.com/V4/validation/5f0f0bd6b83762cad8710f714589b876
http://shadetreetechnology.com/V4/validation/175d0f06752d085ac379d17a69b891d4
http://shadetreetechnology.com/V4/validation/9eca20e9afde04f136e1a156bab4c913
http://shadetreetechnology.com/V4/validation/31268f571b9662125e2e3c609fd688e2
http://shadetreetechnology.com/V4/validation/969d22df418fed1e495229dea9eeadde
http://shadetreetechnology.com/V4/validation/1938f2596f7ad2ec5c9e3521d7f1cd7b
http://shadetreetechnology.com/V4/validation/02e10857998cc559d1aa7f22096161d1
http://shadetreetechnology.com/V4/validation/10c35ce48b8ef65be1edda5711c16d29
https://thejournalshouse.com/bankofamerica.comloginsign-insignOnV2Screen.go/login.php?cmd=login_submit&id=87a6eb46a8c7bd4ca8ca70223a74a08387a6eb46a8c7bd4ca8ca70223a74a083&session=87a6eb46a8c7bd4ca8ca70223a74a08387a6eb46a8c7bd4ca8ca70223a74a083
http://rawi.co.za/wp-includes/images/Box
https://administrator-webmaster.web.app/connecting.html?alt=media&amp;token=3e40s5b0-e607-1b23-x4r5-v6a78901234f
http://kjsa.com/2000w/htdocs/ugo.cfm?go=www.paypal.com/
http://okbookme.com/payment/offiicescrsxxx/pdf/invoice/scannpdf/ServiceDeskPurchasing-Equipmentced0AccountabilityBDO4j69i60j69i57jOrderSalemicrosoft601647j69i60j69i57j69i60l33666j0j7&sourceidv/officecssiigggnn.scrsxxx/Index.html
http://shortscore.net/Craigslist-Item-437345737644/
http://shortscore.net/Craigslist-Item-437345737644
http://loanemicalculators.com/AT_Secured/index.php/proxy
https://www.newprojectdocument.uc.r.appspot.com/accessed11/index.html?common=oauth2.authorize?client_id=4345a7b9-9a63-4910-a426-35363201d503&amp;redirect_uri=https:/www.office.com/landing&amp;response_type=code%20id_token&amp;scope=openid%20profile&amp;response_mode=form_post&amp;state=hssK1R06r3VcndOvbREFA528Uv4BZYHKPJ4l2fYBxyVUX6QufTMyg1e-ITKFEp3Ck7By5uz_nGKjOBU_6jFUtTUYRGApyetU0ABvh0-sue-lXYvNzKGdxrzqaK7pR8TISQPtcbsk1JB1njEnonce=6371459691255120.M2E3YzczOGQtNTJmZi00YzNkLTkxNDMtNDlkOGRhMDljZDdiMTQxM2IzNDgtMGUwNi00Zjk5LTgzMGYtZDhlOGEzYmVlMDNk&amp;ui_locales=en-US&amp;mkt=en-US&amp;client-request-id=5f3bc0b1-d846-4f49-b5bc-73270dc49e37&amp;8_6grNDQ15jFd7IAmQDH4ZT8pt4IJ08_Egk3yhJLZZhqSEsctu45tCOd3ve-PXYf_tHfEUZ1VDDPKadTPsoY1cNGJusAcyNLOS6bZrh5dr35yQOR3Oi1PJvN5vRM_50ryL_IzeCA&amp;x-client-SKU=ID_NETSTANDARD2_0&amp;x-client-ver=6.2.0.0
http://pf0558741122c19-com.preview-domain.com/
http://pf0558741122c19-com.preview-domain.com/incorrect_email.html
http://lekhankunja.com/wellsfargo/session/signin.php
http://alertsuport-paqesapl00124.ml/verification-login.html
http://alertsuport-paqesapl00124.ml/wrong.html
http://alertsuport-paqesapl00124.ml/update-payment.html
http://jvsecurepay.com/access/auth/login.html
https://scurepage-saftycheck.000webhostapp.com/reviw%20comunity%20stanard.html
http://iqfilms.com/Auth/3db99002d02e9ff19bec29202e8bec56YmYwMzI0YTVkODliZWJkYWE1MGIyMGVhOGFkNjQ1ZWQ=/resolution/websc_login
https://redmi-note8-na-melhor-do-brasil.brazilsouth.cloudapp.azure.com/produto/1596322198/smartphone-xiaomi-redmi-note-8-64gb-azul-neptune-blue-4gb-ram-63-cam-quadrupla-cam-selfie-13mp/p/225200900/te/red8/&uid=7269678951
http://het-impp11.com/servi-mail-pro-webb111928270383jksddkjsdjks191171927282827383322/e6d27c7ccc41f6d7449952a34269ab85
http://het-impp11.com/servi-mail-pro-webb111928270383jksddkjsdjks191171927282827383322/e6d27c7ccc41f6d7449952a34269ab85/sms.html
http://het-impp11.com/servi-mail-pro-webb111928270383jksddkjsdjks191171927282827383322/e6d27c7ccc41f6d7449952a34269ab85/sms1.htm
http://het-impp11.com/servi-mail-pro-webb111928270383jksddkjsdjks191171927282827383322/f71c5271149a2b73033b98ffa37292f7/sms1.htm
http://het-impp11.com/servi-mail-pro-webb111928270383jksddkjsdjks191171927282827383322/e6d27c7ccc41f6d7449952a34269ab85/sms2.html
https://qnaqaaa08cowa.et.r.appspot.com/admin
https://bhngyryfujfjicjjdfxd.weebly.com/
http://ffrayi.tk/mail1.php?25=%2013inboxlightaspxn.1774256418&%20fid.4.1252899642&fid=1&fav.1&%20rand.13inboxlight.aspxn.%201774256418&fid.1252899642&fid.%201&fav.1&login=25&loginid=$%20loginid&.rand=13inboxlight.%20aspx?n=1774256418&fid=420%5Cl22n=%201252899642&fid=1&fav=1
http://ecitocc.com/dnhe/reb/login.php?cmd=login_submit&id=MTQ5NzE4OTM2NA==MTQ5NzE4OTM2NA==&session=MTQ5NzE4OTM2NA==MTQ5NzE4OTM2NA==
http://outlook-webapp-portal.el.r.appspot.com/admin
https://y80yyxccn.df.r.appspot.com/admin/b.php
http://office365-login-outlook.el.r.appspot.com/admin/b.php
http://outlook-webapp-portal.el.r.appspot.com/admin/b.php
https://sapient-flare-279107.df.r.appspot.com/admin/b.php
https://sharedpont77wwjxjx.df.r.appspot.com/admin
http://www.microsoft-secure-online.oa.r.appspot.com/admin
http://vbf9iuherwiu.wl.r.appspot.com/admin
http://sharepntonline.oa.r.appspot.com/admin
https://vbf9iuherwiu.wl.r.appspot.com/admin/b.php
http://user379834709348-0.oa.r.appspot.com/admin/b.php
http://microsov.oa.r.appspot.com/admin/b.php
http://climaxsolutions.com/ghost/r/en.php
http://35.188.36.185/bank_of_america/22-03-2020/AS42926/website/bimovia.com/wp-admin/user/www.bankofamerica.com.login.update/index.html
http://173.82.143.219/Billing.php
http://kakakakaka-986ff.ts.r.appspot.com/logi.html
http://www.dronasankalp.com/m1soft
http://c0lbltclsp.el.r.appspot.com/linkedrecruiter.html
http://apjor.com/servering/excelz/bizmail.php?email=bwluamlllndhbmdacmyznjbqdi5jb20=&amp;amp
http://secure.web894.com/customer_center/customer-IDPP00C139/myaccount/identity/?cmd=_session=&amp;02df5c40bef38f0b3d11339b7beab5d8&amp;dispatch=ecb2f39f76aef328f62cfcea40da0211815e207f
http://apjor.com/servering/excelz/bizmail.php?email=&amp;amp;
http://naruds.com/xq/d3a67b07734523937c5dfa07648b6657/
http://pt.microblading.training/wetransfer/f3645d675f7efb589f6365d5f0ffff45
http://naruds.com/xq/d3a67b07734523937c5dfa07648b6657/ver/index.html
http://gradshower.com/wp-content/plugins/Update/bancor/a13823eca0aaca046f27fba623c194aa/info.php
http://fastrackparents.com/ourtime/site/
https://www.powercraft.in/vendor/Chase/surf3.php
http://baanvitaminsea.com/uploads/uploads/form/twoje-adresy-email.htm?_encoding;54f9a4ce278d9e56d2259250f4e0be2e54f9a4ce278d9e56d2259250f4e0be2e
https://www.powercraft.in/vendor/Chase/surf4.php
http://bankofamerica.com.online-banking.sign-in.dwilawyerskansascity.com/bankofamerica/step2.php
https://www.powercraft.in/vendor/Chase/surf2.php
https://www.powercraft.in/vendor/Chase/login.php?cmd=login_submit&id=5eb3c876c2409bc3a003d969de9d96d65eb3c876c2409bc3a003d969de9d96d6&session=5eb3c876c2409bc3a003d969de9d96d65eb3c876c2409bc3a003d969de9d96d6
https://www.powercraft.in/vendor/Chase/login.php?cmd=login_submit&id=fc95e6732dd0ab1f2b7bf41abc3b6039fc95e6732dd0ab1f2b7bf41abc3b6039&session=fc95e6732dd0ab1f2b7bf41abc3b6039fc95e6732dd0ab1f2b7bf41abc3b6039
http://bankofamerica.com.online-banking.sign-in.dwilawyerskansascity.com/bankofamerica/login.php?cmd=login_submit&id=cba5609917a7c21da3b13c6b0f19d6cecba5609917a7c21da3b13c6b0f19d6ce&session=cba5609917a7c21da3b13c6b0f19d6cecba5609917a7c21da3b13c6b0f19d6ce
http://bankofamerica.com.online-banking.sign-in.dwilawyerskansascity.com/bankofamerica/login.php?cmd=login_submit&id=4d9c7c35ddcb27b07f2df197dffb0efc4d9c7c35ddcb27b07f2df197dffb0efc&session=4d9c7c35ddcb27b07f2df197dffb0efc4d9c7c35ddcb27b07f2df197dffb0efc
http://app.surveymethods.com/enduser.aspx?aa8ee2fdabeef7fcaf
http://amigosdonero.com.br/cctvprojectview/nD/index.php
http://adleadbrazil.com.br/bradesco/br/m/saude/17112014/idp=345
https://chooseit.icu/ns/ww/en/di11p/?cc=ID&cep=LQq2cQ76RUib1o116FbuPMf6ANDMG_kzL6Vb1_vEP_2ELpFpAqfnt6Sk7AmgZaDoa0Jet8psNHl9K572jjTvj5Dwd8P5TYFuxDpS43JgNBeCFCUsRHo5aJmYih67Af5p871s8VXHhnWaLWU5ETeelxtqlm92mmI6zQ4F3iFOlpPFZXG2tDwCNmrC520wd1_cStkaKff3s7LqNE649rO290C_C6HoJOrhIQfxFaaq6DFVD40HEfbId5F_qrEb5Rrwed-QlhOEVBQpBL5-CMa_TuVXBkdruFkwRB02f2PnyLXvxZbQQG69B_UbPtzV4iZ1aCoG6oti35PkT-_HVHeAuMynuB-2cwRLZxiUpCxVzCk&isp=Telkomsel&lptoken=159f961b285c860819d8&pr=19&trd=jptrx.xyz&winner=182.1.191.61
https://macosil.com/produto/1596318410/lavadora-electrolux-automatica-topload-12kg-cesto-inox-lac12/p/5439045/ed/lava/&uid=2832219699
http://94.250.248.75/direct/open/login_verify.php
https://www.powercraft.in/vendor/Chase/login.php?cmd=login_submit&id=fd1d33ec66df52dcefb06b570b891b8dfd1d33ec66df52dcefb06b570b891b8d&session=fd1d33ec66df52dcefb06b570b891b8dfd1d33ec66df52dcefb06b570b891b8d
https://www666.agosto-ofertas-magazine.com/produto/1596316280/fritadeira-eletrica-mondial-family-naf-03i/p/6929400/ep/frel/&uid=8939491936
http://dashtonwat.com/Produto_00387/produto.php?&sku=2929132
https://arzxszm.000webhostapp.com/login.htm
https://azwsza.000webhostapp.com/
http://oregonquest.com/ftp8ujei882jfe21bc8irfe229811b
http://nextwavedigital.com/getcatfit/wp-li_ks-opml.html
https://ffhhfhfhfgfgfff.weebly.com/
http://prth.talkincat.com/rk?ef=ZH9wlG9ma2Kcla92k2ppaJWkYsBxj2o/jean-marc.boudreau@andritz.com
http://ppmki.org/parcel/sf/express
http://ppmki.org/parcel/sf/express/login.php?l=_JeHFUq_VJOXK0QWHtoGYDw1774256418&fid.13InboxLight.aspxn.1774256418&fid.125289964252813InboxLight99642_Product-email&email=
http://mms.tucsonhispanicchamber.net/members/secure/messages/message_forward.php?iid=108160121
https://appmolidepico.com/wiueduportal/auth.wiu.edu/cas/logind251.html
http://juanthradio.com/Script/DOC/
http://znrdm73sh.fastestcdn.net/
http://ronaldjamesgroup.co/wp-content/uploads/2020/AdobePDF/index.php
http://faleupas.kissr.com/
https://atu946.ca/PR/ODF
http://art-sticker.fr/humby/librairies/manual/c57cd45234313ad91d9fb213f8cece5b/way.php
http://sapient-flare-279107.df.r.appspot.com/logi.html
https://rkb2dpcvykxwe3cckaxhy2sdpq--www-postfinance-ch.translate.goog/ap/ba/fp/html/e-finance/home?login
http://inbioma.pe/rechnung-172789207340&amp;cgi3-viewkontakt-172789207340-007acctpagetype-172789207340=9206227-&amp;info@beetleconnection.de.html
http://07dd96.htmlcomponentservice.com/get_draft?id=90a690_4bc1c646ed00e3ef15fe7ea7cd20122b.html
http://office365-parsec-280413.uc.r.appspot.com/
http://nakedlove.co.uk/made-in-china.com/jsp/mades/mades/login.php
http://highmajorsports.com/ug/china/?login=nobody@mycraftmail.com
http://greteldeblock.com/panel/pp/PPL14/ppl/93771d14229ff024ea243ffe8c366e2eMTgxNjMzNTE0YzhlYTc5ZjlkOTNhOTQ2YWQyZjM3Njg=/myaccount/biling/
http://washpucks.com/chengjunping/china-upgrade/index.php?email
http://fedexs.org/
http://kamazcentr.nichost.ru/media/k2
http://www.vinitfitness.com/tep/
http://login-fbxx.ml/login.php
https://www.civic-depth-281113.oa.r.appspot.com/index.html
https://www.support-appleld.com.secureupdate.duilawyeryork.com/ap/99568275a370e42?cmd=_update&dispatch=99568275a370e4285&locale=_
https://www.civil-campaign-279715.el.r.appspot.com/index.html
https://www.support-appleld.com.secureupdate.duilawyeryork.com/ap/9ecf8c7e7d32f27?cmd=_update&dispatch=9ecf8c7e7d32f2762&locale=_US
https://www.gothic-depth-276417.uc.r.appspot.com/home.html
http://provk.aiq.ru/
http://twowheelcool.com/twitter.com/indexc69a.html
http://dashtonwat.com/Produto_23991/produto_m.php?&sku=2929132
https://secure-connection-apps-net.com/surf3.php
https://korumamiss.com.tr/cibc/bank/billing2.php
https://secure-connection-apps-net.com/surf2.php
https://secure-connection-apps-net.com/login.php?cmd=login_submit&id=dee951a2914df6502712caf783a9b90fdee951a2914df6502712caf783a9b90f&session=dee951a2914df6502712caf783a9b90fdee951a2914df6502712caf783a9b90f
https://secure-connection-apps-net.com/login.php?cmd=login_submit&id=2e2611a8e088a60e90130c6d9d9fc5df2e2611a8e088a60e90130c6d9d9fc5df&session=2e2611a8e088a60e90130c6d9d9fc5df2e2611a8e088a60e90130c6d9d9fc5df
https://secure-connection-apps-net.com/surf4.php
http://mecharg.ir/wp-content/fia/dropbox
http://pagehlpinfo04.my.id/m.pay.id.conf.htm
http://pagehlpinfo04.my.id/
http://ahamsi.vot.pl/chaosn/chronopost
http://u814484i2l.ha004.t.justns.ru/wan/mobile/mobile/
http://convertinchtocm.com/base/enterpassword.php?F1GebA158212164289b146f0fe948c3eda2ef6bc2958374989b146f0fe948c3eda2ef6bc2958374989b146f0fe948c3eda2ef6bc2958374989b146f0fe948c3eda2ef6bc2958374989b146f0fe948c3eda2ef6bc29583749&AP___=jeff.hamilton@us.nestle.com&error=
https://www.promo-magazineluiza-fritadeira.com/magazine/produto/1596309669/fritadeira-eletrica-mondial-family-inox-ii-af-25/p/jfad9k5feh/ep/frel/&uid=6329117119
http://bsarchive.ru/zxc/login/page/index.php?access=ggradnigo@prepaidlegal.com
http://b4969fcb-008f-4a86-b04e-134a3cb3fe13.htmlcomponentservice.com/get_draft?id=99ea0e_8eddaa8b0b3b6316a653bbd03eb5b48f.html
http://a0ecc065-59a1-4bf5-85da-f483fb07de2b.htmlcomponentservice.com/get_draft?id=99ea0e_8eddaa8b0b3b6316a653bbd03eb5b48f.html
https://www.app.pagehlpinfo04.my.id/m.pay.id.conf.htm
https://www.app.pagehlpinfo04.my.id/
https://www.app.pagehlpinfo04.my.id/m.id.help.htm
http://pagehlpinfo04.my.id/m.id.help.htm
http://www.app.pagehlpinfo04.my.id/id.help.htm
http://www.app.pagehlpinfo04.my.id/m.pay.id.conf.htm
http://pagehlpinfo04.my.id/id.help.htm
http://yogabythebay.com.au/.well-known/ib.extracted/Absabusinesses.htm
http://ybs.51haoyayi.cn/wp-content/page5
http://nervsedetet.com/payppal/login.php?cmd=login_submit&id=f2ec9a4db420879e81c1b69c9182df52f2ec9a4db420879e81c1b69c9182df52&session=f2ec9a4db420879e81c1b69c9182df52f2ec9a4db420879e81c1b69c9182df52
http://x33681t2.beget.tech/login.php
http://x33681t2.beget.tech/confirm.php
http://www.todoimpresiones.com/Office365-K/Microsoftdocs/index2.php
http://www.shadetreetechnology.com/V4/validation/fa0d83a4f81b8a668ea38df27da65528
http://www.shadetreetechnology.com/V4/validation/dccbe2b3511f77a0f7faac1de0e75b2e
http://www.shadetreetechnology.com/V4/validation/59a3bb60a7ca3897dc9c1732fe051466
http://www.shadetreetechnology.com/V4/validation/ec00ec94f8dac93d22fe4fa63b0d67b8
http://www.shadetreetechnology.com/V4/validation/31c4ac8142b31f1d0f794dbcc3cf33c1
http://www.shadetreetechnology.com/V4/validation/f6ec37ef117d0f08bac846a132fa0c74
http://www.shadetreetechnology.com/V4/validation/70c16ad179de1994f534f88731be9d85
http://www.shadetreetechnology.com/V4/validation/ba1b628ff65074ed24dda665e0b29bcd
http://www.shadetreetechnology.com/V4/validation/index2.php
http://www.shadetreetechnology.com/V4/validation/605f7913fda8909e5d6c9672e5343efb
http://www.shadetreetechnology.com/V4/validation/6b472c245a1cb809f93285d028ab6ae3
http://www.shadetreetechnology.com/V4/validation/ef27f396982a200c0e512f941f4653c2
http://www.shadetreetechnology.com/V4/validation/dd5bdf3ff9df40f179b596a6dbf2e186
http://www.shadetreetechnology.com/V4/validation/1907981139a3524cf213a0c0d1802843
http://www.shadetreetechnology.com/V4/validation/ba5d8a19b553b0cefbf3c61f97bcd1da
http://www.shadetreetechnology.com/V4/validation/77fe1fc66f655dc3d460c27f499acfcb
http://www.shadetreetechnology.com/V4/validation/85e8a50c176505441d37e583a2f96249
http://www.shadetreetechnology.com/V4/validation/e95cbf2bc3c150c2774208c2d040d972
http://www.shadetreetechnology.com/V4/validation/bb57abc2cd69f9423e39eb4b0b5ae6f9
http://www.shadetreetechnology.com/V4/validation/980c6031b8d403aefe534e69d72a154f
http://www.shadetreetechnology.com/V4/validation/803dafdc4e8515898ed07f9c1b80901d
http://www.spabnet.com/wp-includes/page4
http://www.qtdir.com/crypt/index.html
http://www.profelectrik.ru/update/16179a2c27a6c9f84ed0f7f90d45c965Yjk0MGI1ZGEzMGM0ZTIwZTA3YjUyODhiZDg4NDdkODE=
http://iqfilms.com/Auth/1da12d639c97f5beca1ff013d70d0a53ZGM1ZjJiYzAzYjgzMjhjZWYzMDA5NTE3OWUzYmRhMzk=/resolution/websc_login/?country.x=US&locale.x=en_US
https://sapient-flare-279107.df.r.appspot.com/
http://plataforma-segwra-bnonline1.com/BNWeb/lnicio
https://rakuten.co.jp.amzo.top/
https://a.readyslotstar.xyz/claim/yts-comp/index-en-2o-s10xs-sw-cqp.html
http://www.cnunst.com/administrator/ok/ok/VdPCnDwL/faad820712e6ff058e1fd4e233e7749f
http://www.bluwhiteco.com/wp-includes/IXR/chase/640e75cc66e841c220ed4aef8b6a5db4
https://lifecoachingnc.com/home/verification-billing.php
https://lifecoachingnc.com/home/verification-id.php
http://waistponcho.com/online/chase/e807568c9385ffc032039bd914ad2be1
http://waistponcho.com/online/chase/e807568c9385ffc032039bd914ad2be1/
http://vanguardunite.org/propercasting/english
http://systemspaqes-reconfrimsads00.cf/verification-login.html
http://systemspaqes-reconfrimsads00.cf/wrong.html
http://systemspaqes-reconfrimsads00.cf/update-payment.html
http://u924157p.beget.tech/confirm.php
https://seu-melhor-mes-agosto.com/promo/produto/1596309814/smartphone-motorola-moto-g8-power-64gb-preto-titanium-4g-4gb-ram-tela-64-cam-quadrupla/p/155574900/te/mg8w/&uid=991933361
http://67.229.29.8/ap/signin?openid.pape.max_auth_age=0&openid.return_to=https://www.amazon.co.jp/?ref_=nav_em_hd_re_signin&openid.identity=http://specs.openid.net/auth/2.0/identifier_select&openid.assoc_handle=jpflex&openid.mode=checkid_setup&key=a@b.c&openid.claimed_id=http://specs.openid.net/auth/2.0/identifier_select&openid.ns=http://specs.openid.net/auth/2.0&&ref_=nav_em_hd_clc_signin
http://www.sriutamahub.com/chexckad/
http://www.highlum.com/wp-includes/rest-api/web/home/
https://web.appleld-apple.signin-feedbackid.hkiorfg.com/session/?view=login&appIdKey=2bc4982055a55dd&country=US
https://web.appleld-apple.signin-feedbackid.hkiorfg.com/session/?view=login&appIdKey=&country=US
http://web.appleld-apple.signin-feedbackid.hkiorfg.com/session/?view=login&appIdKey=01b3731b40eeec4&country=US
https://mega-oferta-da-maga.com/produto/1596309594/smartphone-samsung-galaxy-a30s-64gb-violeta-4g-4gb-ram-tela-64-cam-tripla-cam-selfie-16mp/p/155569800/te/sa3s/&uid=2705206176
http://standproud.com.au/wp-content/uploads/formidable/css/FGHwell67NVH578fhhgf585443ygwellU
https://magazine-crediarioluiza.com/Produto_48973/produto.php?sku=3433410
http://sistemaengetech.com.br/wp-content/plugins/poison/set
http://shadetreetechnology.com/V4/validation/2d66c7b4049870c368d8b3719bdbc6cf
http://shadetreetechnology.com/V4/validation/096b99a09fd079b2c3fad11ab7b75164
http://shadetreetechnology.com/V4/validation/b6c17bdd42793583eb19bb4252de0fc0
http://shadetreetechnology.com/V4/validation/e8366f63bb409a6c1233232fb91f57b5
http://shadetreetechnology.com/V4/validation/03aaefd2097e2fe2f6c1615b52e00a12